source	target
ADAR	HMGA1
ADNP	ARID2
ADNP	JUND
ADNP	NFIA
ADNP2	AHCTF1
ADNP2	ARID2
AEBP1	GLIS2
AEBP2	ARID2
AEBP2	EEA1
AFF1	AHCTF1
AFF4	AHCTF1
AHCTF1	ARID2
AHDC1	NFIX
AHDC1	PRR12
AHR	KLF6
AHR	KLF9
AHR	NFE2L2
AHRR	ARNT
AIRE	FOS
AKAP8	MYC
AKAP8L	MXD4
AKNA	FLI1
AKR1B1	AKNA
ALX1	EMX2
ALX1	FOXC1
ALX3	ALX4
ALX3	EMX2
ALX3	INSM1
ALX4	LMX1B
ALX4	PRRX1
ANHX	DMRT1
ANKZF1	ZNF692
AR	EHF
AR	KLF6
AR	ETS1
AR	FOXA1
AR	GRHL2
AR	JUN
AR	KLF9
AR	NCOA3
ARGFX	DUXA
ARGFX	SNAI1
ARHGAP35	ATMIN
ARID2	BAZ2A
ARID2	DOT1L
ARID2	EGR1
ARID3A	JUN
ARID3A	FOS
ARID3A	JUND
ARID3A	ARID3B
ARID3A	HMGA2
ARID3A	JUNB
ARID3B	ARID3A
ARID3B	AR
ARID3C	NR1I2
ARID5A	RARA
ARID5B	EEA1
ARID5B	FOXN3
ARNT	ESR1
ARNT	BCL6
ARNT	EPAS1
ARNT	FOS
ARNT2	EPAS1
ARNTL	BCL6
ARNTL	BHLHE40
ARNTL2	AHR
ARX	BCL11A
ARX	BCL11B
ASCL1	JUN
ASCL1	SOX4
ASCL1	FOS
ASCL2	BCL11B
ASCL3	ELF3
ASCL4	CASZ1
ASCL4	DLX2
ASCL5	ALX3
ASH1L	BPTF
ASH1L	HIVEP2
ASIC2	GRHL3
ATF1	JUNB
ATF1	CREB1
ATF1	FOSL1
ATF1	KLF6
ATF2	ATF4
ATF2	FOS
ATF2	FOSL1
ATF2	JUND
ATF3	DDIT3
ATF3	FOSL2
ATF3	MAFG
ATF3	BCL6
ATF3	CEBPB
ATF3	CSRNP1
ATF4	CEBPG
ATF4	DDIT3
ATF5	CEBPA
ATF6	NFE2
ATF7	CREB3L2
ATF7	EPAS1
ATF7	FOS
ATMIN	ARHGAP35
ATOH1	CDX1
ATOH1	CDX2
ATOH7	DACH1
ATOH8	CEBPD
BACH1	JUNB
BACH1	FOS
BACH1	LBX2
BACH1	MAFF
BACH1	NFAT5
BACH1	NFE2L2
BACH2	BCL6
BACH2	FOXO1
BARHL1	BARHL2
BARHL1	ZIC1
BARHL2	NHLH2
BARHL2	UNCX
BARHL2	ZIC1
BARX1	SIX2
BARX1	CEBPA
BARX1	DLX4
BARX2	EHF
BARX2	GRHL2
BATF	IRF7
BATF	ATF3
BATF2	IRF1
BATF3	BATF
BAZ2A	DOT1L
BAZ2B	ASH1L
BAZ2B	BPTF
BBX	ARID2
BBX	EEA1
BCL11A	KLF6
BCL11A	MYB
BCL11A	BCL11B
BCL11A	BHLHE40
BCL11B	BCL11A
BCL11B	RORA
BCL6	IRF1
BCL6	BACH2
BCL6	CEBPB
BCL6	IRF4
BCL6	JUNB
BCL6B	ELK3
BHLHA9	DPF1
BHLHE22	ZBTB18
BHLHE22	CENPBD1
BHLHE23	IKZF2
BHLHE40	MAFF
BHLHE40	NR1D1
BHLHE40	STAT6
BHLHE40	HLF
BHLHE40	HSF2
BHLHE40	JUNB
BHLHE41	CEBPB
BNC1	ATF3
BNC2	PBX1
BNC2	NR2F2
BORCS8MEF2B	MEF2B
BPTF	ADNP
BRF2	TBP
BRIP1	ELF4
BSX	DLX1
BSX	FEZF1
BSX	FOXB1
C11ORF95	BNC2
CAMTA1	MYT1L
CAMTA2	MEF2D
CASZ1	IRX3
CASZ1	KLF5
CBLL2	CPXCR1
CBX2	HOXC10
CBX2	ALX3
CBX2	ATF3
CBX2	BARHL2
CBX2	BCL11A
CBX2	EMX1
CC2D1A	SREBF2
CCDC169SOHLH2	EVX2
CCDC17	FOXJ1
CDC5L	CEBPZ
CDKN2AIP	ZNF574
CDX1	CDX2
CDX1	HNF4A
CDX2	ELF3
CDX2	CDX1
CDX2	GATA6
CDX2	HNF4A
CDX2	HOXA3
CDX2	JUN
CDX4	DLX3
CDX4	GATA3
CEBPA	CEBPB
CEBPA	ATF3
CEBPA	BHLHE40
CEBPA	CEBPD
CEBPB	BCL6
CEBPB	NFE2L2
CEBPB	DDIT3
CEBPB	ETV6
CEBPB	KLF6
CEBPB	MEIS1
CEBPB	DLX1
CEBPB	IRF2
CEBPB	MNT
CEBPB	JUN
CEBPD	CEBPB
CEBPD	NFIL3
CEBPD	JUNB
CEBPD	KLF6
CEBPE	CEBPA
CEBPG	ATF3
CEBPG	ATF4
CEBPG	CEBPB
CEBPZ	MXD4
CEBPZ	PA2G4
CEBPZ	YBX1
CENPA	DNMT1
CENPB	MAZ
CENPBD1	ZNF674
CENPS	BHLHE40
CENPT	ZNF692
CENPX	BBX
CGGBP1	CREBZF
CHAMP1	CEBPE
CHCHD3	FOXA2
CHD1	EEA1
CIC	DOT1L
CIC	KLF13
CLOCK	ARNTL
CLOCK	ASH1L
CLOCK	BHLHE40
CPEB1	ARID3A
CPXCR1	FAM170A
CREB1	MAFF
CREB1	MAFK
CREB1	ATF6
CREB1	CEBPB
CREB1	FOS
CREB1	HLF
CREB1	TMF1
CREB1	ANKZF1
CREB1	BCL6
CREB3	DDIT3
CREB3	ATF3
CREB3L1	AEBP1
CREB3L1	BHLHE40
CREB3L2	CREB3L1
CREB3L3	HNF4A
CREB3L4	CREM
CREB5	BCL6
CREBL2	KLF9
CREBZF	DMTF1
CREBZF	KMT2A
CREM	CSRNP1
CREM	NR4A1
CREM	NR4A2
CREM	ARID5A
CREM	ATF4
CREM	CREB3L4
CRX	NRL
CRX	PBX1
CRX	PROX1
CRX	RXRG
CSRNP1	AKNA
CSRNP2	ARHGAP35
CSRNP3	ARNT2
CTCF	ZBTB33
CTCF	IRF9
CTCF	NR2C1
CTCF	PRDM1
CTCF	POU2F1
CTCF	FOXA3
CTCF	HIC1
CTCF	ZNF282
CTCF	CEBPA
CTCF	CREB3L4
CTCF	ZNF268
CTCF	ZNF398
CTCF	CREM
CTCF	ZNF425
CTCFL	CENPB
CTCFL	JUND
CTCFL	NR6A1
CTCFL	SATB2
CTCFL	ZNF843
CUX1	JUNB
CUX1	MYC
CUX1	NCOA3
CUX1	ZNF217
CUX1	ZNF778
CUX1	ANKZF1
CUX1	BCL6
CUX2	MYT1L
CXXC1	BHLHE41
CXXC4	CAMTA1
CXXC4	CSRNP3
CXXC4	MYT1L
CXXC5	ZIC1
DACH1	CXXC4
DACH1	EBF1
DACH1	EBF3
DACH2	CSRNP3
DBP	ATF3
DBX1	ASCL1
DBX1	BHLHE23
DBX1	DMRT1
DBX2	NPAS3
DDIT3	JUND
DDIT3	BHLHE40
DEAF1	IRF7
DEAF1	CAMTA1
DEAF1	CIC
DLX1	DLX2
DLX1	DLX5
DLX2	DLX1
DLX2	DLX5
DLX3	DLX4
DLX3	GATA3
DLX4	TFAP2A
DLX4	DLX3
DLX5	EMX2
DLX5	MSX1
DLX5	DLX2
DLX6	FOXG1
DLX6	SP9
DMBX1	CTCFL
DMBX1	INSM1
DMRT1	DMRTB1
DMRT1	NR6A1
DMRT1	RUNX1
DMRT1	AIRE
DMRT2	CXXC1
DMRT2	FOXI1
DMRT3	DMRT1
DMRT3	DMRTC2
DMRT3	EMX1
DMRTA1	GLI3
DMRTA1	PAX6
DMRTA2	BARHL2
DMRTA2	EN2
DMRTA2	FOXA2
DMRTB1	DMRTC2
DMRTB1	OTX2
DMRTC2	DMRTB1
DMRTC2	SOX30
DMTF1	BAZ2B
DMTF1	CREB1
DNMT1	BAZ2B
DNTTIP1	SPI1
DOT1L	REPIN1
DOT1L	DNMT1
DPF1	ARNT2
DPF3	HEY1
DPRX	DUXA
DPRX	GATA6
DPRX	LBX1
DR1	CREB1
DRAP1	HMGA1
DRGX	CASZ1
DRGX	DLX3
DUX4	AHR
DUX4	PLSCR1
DUX4L1	AEBP1
DUXA	ARGFX
DUXA	DPRX
DZIP1	ARNT2
E2A	ADNP
E2A	AEBP1
E2F1	BHLHE40
E2F1	MYC
E2F1	FOS
E2F1	JUND
E2F1	DNMT1
E2F1	E2F2
E2F1	E2F7
E2F1	E2F8
E2F2	TFDP1
E2F3	MYBL2
E2F4	E2F2
E2F4	FOXM1
E2F4	MYBL2
E2F4	TFDP1
E2F4	CTCF
E2F4	E2F3
E2F4	MTF2
E2F5	MTF2
E2F5	BHLHE40
E2F5	E2F1
E2F6	CENPA
E2F6	ZNF628
E2F6	LHX2
E2F6	MTERF2
E2F6	THAP5
E2F6	ZIC5
E2F7	HMGA1
E2F7	DNMT1
E2F8	CENPA
E4F1	ZNF692
E4F1	AKAP8L
EBF1	NCOA3
EBF1	PRRX1
EBF1	PRRX2
EBF1	TWIST2
EBF1	AEBP1
EBF2	EBF1
EBF3	EBF1
EBF3	EBF2
EBF4	NFATC4
EBF4	MEIS2
EEA1	ARID5B
EGR1	JUND
EGR1	KLF10
EGR1	SKIL
EGR1	STAT1
EGR1	DRAP1
EGR1	EPAS1
EGR1	ERF
EGR1	FOSL2
EGR1	GLI4
EGR2	ATF3
EGR2	CSRNP1
EGR3	EGR2
EGR3	FOSB
EGR4	EGR1
EGR4	NPAS4
EHF	ELF3
EKLF	ARID3B
ELF1	MTERF1
ELF1	TTF1
ELF1	ZNF224
ELF1	ZNF225
ELF1	ZNF283
ELF1	ZNF397
ELF2	ARID2
ELF2	BAZ2B
ELF3	EHF
ELF3	JUN
ELF3	KLF6
ELF4	IKZF1
ELF5	EHF
ELF5	CREB3L1
ELF5	GRHL2
ELK1	ZNF230
ELK1	NR1H2
ELK1	ZNF227
ELK1	ZNF408
ELK1	ZNF585A
ELK1	ZNF585B
ELK3	FLI1
ELK3	FOSL1
ELK3	BHLHE40
ELK4	NFAT5
ELK4	SP3
ELK4	STAT1
ELK4	EEA1
ELK4	EGR1
ELOF1	ELF4
EMX1	FOXG1
EMX1	NEUROD6
EMX2	GLI3
EMX2	LHX2
EN1	EBF3
EN1	EN2
EN2	FOXA2
EN2	ZIC1
EOMES	ZIC2
EOMES	LHX1
EOMES	MEIS1
EP400	ATF5
EPAS1	ETS1
EPAS1	JUN
ERF	AHDC1
ERG	ELK3
ERG	SOX4
ERG	EPAS1
ERG	ETV6
ERG	ATF4
ESET	ADNP2
ESET	AHCTF1
ESR1	FOS
ESR1	FOXA1
ESR1	MYB
ESR1	PGR
ESR2	JUNB
ESR2	CEBPA
ESR2	FOS
ESR2	MYB
ESRRA	NR2F6
ESRRA	ATF4
ESRRB	ESRRG
ESRRB	NCOA2
ESRRB	NCOA3
ESRRB	SALL4
ESRRG	DACH1
ESRRG	ESRRA
ESX1	DMRT1
ESX1	ANHX
ETF1	PA2G4
ETS1	STAT1
ETS1	AKNA
ETS1	ATF6
ETS1	DR1
ETS1	ERF
ETS1	FLI1
ETS1	JUNB
ETS1	NFKB1
ETS2	KLF6
ETS2	KLF2
ETV1	JUN
ETV1	ZBTB18
ETV1	ATF3
ETV1	BARHL2
ETV2	BCL6B
ETV2	DMBX1
ETV2	EGR1
ETV3	AHR
ETV3	ATF3
ETV3L	BATF
ETV4	HMGA1
ETV4	HMGA2
ETV5	ETV1
ETV6	FLI1
ETV6	IRF2
ETV7	IRF7
EVX1	EVX2
EVX1	FOXA1
EVX1	GATA2
EVX2	EVX1
EVX2	SOX30
EVX2	ALX1
EZH2	HMGA1
FAM170A	SOX30
FAM200B	CAMTA1
FBXL19	ARHGAP35
FERD3L	FOXD1
FERD3L	NR2F2
FEV	PHOX2B
FEV	EGR4
FEZF1	LHX5
FEZF1	SOX1
FEZF1	SOX11
FEZF2	FOXG1
FEZF2	LHX2
FIGLA	NOBOX
FIGLA	EMX1
FIGLA	FOXR1
FIZ1	MBD3
FIZ1	CAMTA2
FLI1	FOXO1
FLI1	BCL11B
FLI1	HEY1
FLI1	MEF2C
FLI1	SOX9
FLI1	E2F1
FLI1	TSC22D1
FLI1	ZBTB16
FLI1	FOS
FLYWCH1	HSF4
FOS	JUN
FOS	ATF3
FOS	FOSL2
FOS	KLF6
FOS	BHLHE40
FOS	CSRNP1
FOS	JUNB
FOSB	FOS
FOSL1	ATF3
FOSL1	BHLHE40
FOSL1	DRAP1
FOSL2	JUNB
FOSL2	CSRNP1
FOXA1	GRHL2
FOXA1	EHF
FOXA1	SPDEF
FOXA1	TCF7L2
FOXA1	FOS
FOXA1	KLF6
FOXA1	ARID5B
FOXA1	ASH1L
FOXA1	BHLHE40
FOXA2	GATA6
FOXA2	HNF4A
FOXA2	KLF5
FOXA2	KLF6
FOXA3	HNF4A
FOXB1	POU3F2
FOXB1	SALL1
FOXB1	SOX2
FOXB2	BSX
FOXB2	CXXC4
FOXB2	DLX1
FOXC1	FOXC2
FOXC1	FOXD1
FOXC2	FOXC1
FOXC2	FOXL1
FOXD1	HMGA1
FOXD2	FOXC1
FOXD2	FOXC2
FOXD3	POU5F1
FOXD3	SOX2
FOXD3	GLI2
FOXD4	FOXD4L1
FOXD4	EN2
FOXD4	BARX1
FOXD4L1	FOXD4
FOXD4L1	FOXD4L3
FOXD4L3	FOXD4
FOXD4L3	FOXD4L1
FOXD4L4	FOXD4L3
FOXD4L5	FOXD4L3
FOXD4L5	FOXD4L4
FOXD4L6	TEAD1
FOXD4L6	TFDP1
FOXE1	SALL1
FOXE1	ALX4
FOXE3	BARHL1
FOXE3	EN2
FOXE3	FOXC1
FOXF1	TCF21
FOXF1	EPAS1
FOXF2	FOXF1
FOXF2	FOXC1
FOXG1	ARNT2
FOXG1	LHX2
FOXH1	ARID3A
FOXH1	ELF3
FOXH1	ZIC3
FOXH1	BHLHE40
FOXI1	DMRT2
FOXI1	FOXI2
FOXI2	DMRTA2
FOXI2	FOXG1
FOXI3	ALX4
FOXJ1	CCDC17
FOXJ2	GATAD2B
FOXJ2	HBP1
FOXJ2	KLF2
FOXJ3	MEF2D
FOXJ3	ARID5B
FOXK1	FOXK2
FOXK1	MNT
FOXK1	FOXO3
FOXK2	FOXK1
FOXK2	GATAD2A
FOXK2	NFIC
FOXL1	FOXC2
FOXL1	CREB3L1
FOXL2	FOXO6
FOXL2	HOXC6
FOXL2	LHX1
FOXM1	CENPA
FOXM1	ELF3
FOXM1	KLF6
FOXM1	MAZ
FOXM1	MXD3
FOXM1	ZNF143
FOXN1	CASZ1
FOXN2	CREB1
FOXN3	MEF2A
FOXN3	ARID5B
FOXN4	EMX1
FOXN4	EOMES
FOXO1	FOXO3
FOXO1	FOS
FOXO1	KLF9
FOXO1	BACH2
FOXO3	KLF9
FOXO3	HBP1
FOXO3	SMAD4
FOXO4	FOXO1
FOXO4	KLF2
FOXO6	FOXO1
FOXO6	FOXO3
FOXP1	ATF4
FOXP1	BACH2
FOXP1	EBF1
FOXP1	HIF1A
FOXP1	BCL6
FOXP2	EBF3
FOXP2	EPAS1
FOXP2	FOXP1
FOXP2	MAFK
FOXP3	TCF7
FOXP3	BATF
FOXP3	FOS
FOXP3	IKZF1
FOXP4	DOT1L
FOXP4	FOXP1
FOXQ1	HMGA1
FOXQ1	KLF5
FOXR1	DNMT1
FOXR1	RHOXF2
FOXR2	DMRTB1
FOXR2	DMRTC2
FOXS1	AEBP1
GABPA	CGGBP1
GABPA	ZKSCAN8
GABPA	ZBTB26
GABPA	ZNF397
GABPA	ZNF416
GABPA	ZNF45
GABPA	ZNF517
GARS	HMGA1
GATA1	LYL1
GATA1	NFE2
GATA1	ZFPM1
GATA1	KLF1
GATA1	FOS
GATA1	SPI1
GATA1	TAL1
GATA2	FOS
GATA2	HMG20B
GATA2	ATF6
GATA2	BHLHE40
GATA2	GATA1
GATA2	HES1
GATA2	JUN
GATA2	LYL1
GATA2	USF1
GATA3	BHLHE40
GATA3	NR3C1
GATA3	ESR1
GATA3	FOS
GATA3	KLF6
GATA3	NCOA3
GATA3	ZFPM1
GATA3	ZNF669
GATA3	ZNF737
GATA3	ATF6
GATA4	FOS
GATA4	SOX9
GATA4	TBX5
GATA4	XBP1
GATA4	ATF4
GATA5	EGR1
GATA5	FOS
GATA6	KLF6
GATA6	YBX1
GATA6	ATF3
GATA6	JUN
GATAD2A	DOT1L
GATAD2A	TCF20
GATAD2B	POU2F1
GATAD2B	AKNA
GATD3A	BHLHE40
GBX1	LBX1
GBX1	TBX1
GBX2	NPAS3
GBX2	POU3F2
GC	ARID3C
GCM1	ARID3A
GCM1	DLX3
GCM2	MAFB
GCM2	PAX1
GCM2	VDR
GDNF	ZBTB41
GF1	ALX1
GF1	ATF3
GFI1	IKZF1
GFI1	SATB1
GFI1B	BHLHE40
GFI1B	EGR1
GFI1B	KLF1
GFI1B	LYL1
GLI1	MYC
GLI1	TFDP1
GLI1	HMGA1
GLI2	GLI3
GLI2	NFATC4
GLI3	GLI2
GLI3	TEAD1
GLI4	E4F1
GLIS1	NFIX
GLIS1	TWIST1
GLIS2	AEBP1
GLIS3	SMAD3
GLMP	CAMTA1
GLYR1	MAZ
GLYR1	SRCAP
GMEB1	ARID3A
GMEB1	GMEB2
GMEB2	GATAD2A
GMEB2	NR5A1
GPBP1	AEBP2
GPBP1L1	BAZ2A
GRHL1	GRHL2
GRHL2	EHF
GRHL2	GRHL1
GRHL2	CASZ1
GRHL3	GRHL1
GSC	SOX17
GSC	ALX4
GSC	EBF1
GSC2	DLX6
GSC2	DMRT1
GSC2	ZNF729
GSX1	DLX1
GSX1	HES5
GSX1	SOX1
GSX2	FOXG1
GSX2	NR2E1
GSX2	POU3F3
GTF2B	DDIT3
GTF2B	FOS
GTF2B	NFE2
GTF2B	NR4A2
GTF2I	SRF
GTF2IRD1	AKNA
GTF2IRD2	GTF2IRD2B
GTF2IRD2	KLF9
GTF2IRD2B	GTF2IRD2
GTF2IRD2B	FOXO1
GTF3A	BHLHE40
GZF1	CSRNP1
GZF1	NFIL3
HAND1	HAND2
HAND1	HEY2
HAND2	GATA4
HAND2	HAND1
HBP1	FOXO3
HBP1	BCL6
HBP1	BHLHE40
HDX	EBF1
HDX	FOXC1
HELT	ASCL1
HELT	CASZ1
HELT	DLX1
HES1	EGR1
HES1	JUN
HES2	IRF6
HES3	ZIC5
HES3	FBXL19
HES4	FOXC1
HES4	JUNB
HES5	LHX2
HES5	POU3F2
HES6	ASCL1
HES6	BHLHE40
HES7	EN2
HES7	FLI1
HESX1	FOXD3
HESX1	IRF4
HEY1	HEY2
HEY2	EGR1
HEY2	FOS
HEYL	AEBP1
HHEX	ETS2
HHEX	BHLHE40
HIC1	AEBP1
HIC1	BHLHE40
HIC2	LIN28B
HIC2	ARID3A
HIF1A	BHLHE40
HIF1A	FOSL2
HIF1A	JUN
HIF3A	EPAS1
HINFP	ANKZF1
HINFP	BARHL1
HIVEP1	BHLHE40
HIVEP1	NFAT5
HIVEP2	KLF13
HIVEP2	KLF9
HIVEP3	ATF3
HIVEP3	BACH2
HKR1	HINFP
HKR1	MTERF4
HLF	ARID5B
HLX	CEBPB
HMBOX1	BAZ2B
HMBOX1	PHF21A
HMBOX1	ARID5B
HMG20A	ADNP
HMG20A	CEBPB
HMG20B	SREBF1
HMGA1	PA2G4
HMGA2	HMGA1
HMGA2	HOXB5
HMGN3	USF2
HMGN3	ZNF598
HMGN3	DBP
HMX1	SOX2
HMX1	ATF3
HMX1	BARX1
HMX2	HMX3
HMX2	IRF4
HMX2	PAX5
HMX3	HMX2
HMX3	IRF4
HMX3	PAX5
HNF1A	FOXA1
HNF1A	FOXA2
HNF1B	BHLHE40
HNF1B	ELF3
HNF4A	CREB3L3
HNF4A	CEBPA
HNF4A	HNF1A
HNF4A	MLXIPL
HNF4A	CEBPB
HNF4A	ELF3
HNF4A	EPAS1
HNF4G	CDX2
HNF4G	CREB3L3
HNF4G	HNF1A
HOMEZ	ARID3A
HOMEZ	SOX30
HOXA1	HOXB1
HOXA1	PRDM1
HOXA10	HOXA11
HOXA10	HOXA9
HOXA11	ATF4
HOXA11	ESR1
HOXA11	HOXA10
HOXA13	CDX2
HOXA13	FOXA1
HOXA13	HOXA10
HOXA2	MEIS1
HOXA2	FOXF1
HOXA3	HOXA2
HOXA3	HOXA4
HOXA4	HOXA2
HOXA4	HOXA3
HOXA5	HOXA2
HOXA5	HOXA3
HOXA6	HOXA1
HOXA6	HOXA10
HOXA7	HOXA10
HOXA7	HOXA6
HOXA9	FLI1
HOXA9	HOXA10
HOXA9	HOXA11
HOXB1	PBX1
HOXB1	GLI3
HOXB13	EHF
HOXB13	FOXA1
HOXB13	GRHL2
HOXB2	FOXF1
HOXB2	HOXA2
HOXB3	FOXF1
HOXB3	HOXA2
HOXB4	HOXA3
HOXB4	HOXA4
HOXB4	HOXB2
HOXB5	FOXF1
HOXB5	HOXA2
HOXB6	HOXA2
HOXB6	HOXA3
HOXB7	HOXA3
HOXB7	HOXB3
HOXB7	HOXB9
HOXB8	HOXA4
HOXB8	HOXA5
HOXB9	FOXC1
HOXB9	HOXB5
HOXC10	HOXA10
HOXC10	HOXC11
HOXC11	HOXC10
HOXC11	HOXC12
HOXC11	HOXC4
HOXC12	HOXC11
HOXC12	HOXC13
HOXC12	HOXC4
HOXC13	GATA3
HOXC13	MSX2
HOXC4	HOXA7
HOXC4	HOXB5
HOXC5	HOXC10
HOXC5	HOXC11
HOXC6	FOXD1
HOXC6	HOXC10
HOXC8	FOXD1
HOXC8	HOXC10
HOXC9	HOXC10
HOXC9	HOXC5
HOXC9	HOXA10
HOXC9	HOXA7
HOXD1	CXXC1
HOXD1	HOXB7
HOXD10	HOXA10
HOXD10	HOXA11
HOXD10	HOXA13
HOXD11	HOXA10
HOXD11	HOXA11
HOXD11	HOXA13
HOXD12	HOXB3
HOXD12	HOXD10
HOXD12	HOXD11
HOXD13	FOXC1
HOXD13	FOXF1
HOXD13	HAND2
HOXD3	HOXA10
HOXD3	HOXA11
HOXD3	HOXA6
HOXD4	HOXA10
HOXD4	HOXA11
HOXD8	HOXA10
HOXD8	HOXA11
HOXD9	HOXA10
HOXD9	HOXA11
HOXD9	HOXA9
HSF1	MSX1
HSF1	FOSL1
HSF1	ZKSCAN1
HSF2	SOX11
HSF2	SOX4
HSF4	AKAP8L
HSF4	BCL6
HSF5	SOX30
HSFX1	HSFX2
HSFX2	HSFX1
HSFY1	HSFY2
HSFY2	HSFY1
IKZF1	IKZF3
IKZF1	FLI1
IKZF1	MYB
IKZF1	RUNX3
IKZF2	IKZF3
IKZF2	STAT1
IKZF3	IKZF1
IKZF3	ETS1
IKZF4	GATAD2B
IKZF4	ARID5B
IKZF5	BAZ2B
IKZF5	DMTF1
INSL3	KDM5B
INSM1	HEY1
INSM1	NEUROD4
INSM2	BARHL2
INSM2	DACH1
IRF1	IRF2
IRF1	SP110
IRF1	BATF2
IRF1	IRF9
IRF1	STAT1
IRF1	USF1
IRF2	IRF1
IRF2	SP110
IRF2	STAT1
IRF3	ANKZF1
IRF3	MSANTD4
IRF3	PIN1
IRF3	AKAP8L
IRF3	ATF6B
IRF4	BACH2
IRF4	BATF
IRF4	BHLHE40
IRF4	STAT1
IRF4	ETS1
IRF5	IRF7
IRF5	BHLHE40
IRF6	GRHL2
IRF7	PLSCR1
IRF7	SP110
IRF8	IRF5
IRF8	IRF4
IRF8	ETV6
IRF9	IRF7
IRF9	STAT1
IRF9	IRF1
IRX1	IRX2
IRX1	IRX3
IRX2	IRX1
IRX2	IRX3
IRX3	GATA3
IRX3	IRX5
IRX4	CASZ1
IRX4	GRHL2
IRX5	CASZ1
IRX5	GATA3
IRX6	EPAS1
IRX6	GATA3
ISL1	MEIS2
ISL1	NR2F1
ISL1	ESRRG
ISL2	LHX4
ISL2	FOXC1
ISX	CDX2
JAZF1	FOXO3
JDP2	CEBPB
JRK	SRCAP
JRK	ADNP
JRKL	BBX
JUN	KLF6
JUN	ATF3
JUN	JUND
JUN	BHLHE40
JUN	FOSB
JUN	FOSL2
JUN	MAFF
JUNB	FOS
JUNB	FOSB
JUND	JUN
JUND	JUNB
JUND	FOS
JUND	FOSL1
JUND	HES4
JUND	MAFF
JUND	ATF3
KAT7	ZBTB20
KCMF1	YBX3
KCNIP3	ARNT2
KDM2A	BAZ2A
KDM2B	BCL11A
KDM2B	NFKB2
KDM2B	BHLHE40
KDM2B	BHLHE41
KDM2B	JUN
KDM2B	ARID3B
KDM2B	EGR1
KDM5B	CBX2
KDM5B	CEBPZ
KDM5B	DOT1L
KDM5B	FOXG1
KDM5B	PRDM13
KDM5B	PRDM14
KDM5B	SOX30
KIN	ZNF397
KIN	ZNF445
KLF1	NFE2
KLF1	GATA1
KLF1	GFI1B
KLF10	ETS2
KLF10	HIF1A
KLF11	KLF10
KLF12	BACH2
KLF12	BCL11B
KLF13	BHLHE40
KLF13	CXXC5
KLF13	JUNB
KLF14	ALX1
KLF14	ALX4
KLF15	PPARA
KLF15	BHLHE40
KLF16	FBXL19
KLF16	ESRRA
KLF17	HES2
KLF17	ARGFX
KLF2	JUNB
KLF2	CEBPB
KLF3	E2F2
KLF3	ETS1
KLF3	FOXO3
KLF4	ATF3
KLF4	JUNB
KLF4	KLF5
KLF4	BHLHE40
KLF4	FOS
KLF4	JUND
KLF4	KDM5B
KLF4	KLF9
KLF4	MEF2D
KLF5	ELF3
KLF5	BHLHE40
KLF5	FOSL1
KLF5	FOSL2
KLF5	KLF2
KLF5	KLF4
KLF6	JUN
KLF6	KLF4
KLF6	ATF3
KLF7	EBF1
KLF7	EBF3
KLF8	GATA3
KLF8	KLF4
KLF9	CEBPD
KLF9	CSRNP1
KLF9	FOS
KLRG1	NFE2L1
KMT2A	EBF1
KMT2A	SPEN
KMT2A	STAT1
KMT2B	ZNF512B
KMT2B	FBXL19
L3MBTL1	SALL2
L3MBTL3	SP100
L3MBTL4	ADNP2
LBX1	HOXC10
LBX1	SIX1
LBX1	TBX1
LBX2	MLXIPL
LBX2	ETV4
LCOR	BAZ2B
LCOR	ARID2
LCORL	BAZ2B
LCORL	EEA1
LEF1	TCF7
LEF1	AKNA
LEF1	IKZF1
LEUTX	DUXA
LEUTX	FOXR1
LHX1	UNCX
LHX1	EMX2
LHX2	FEZF2
LHX2	FOXG1
LHX3	INSM1
LHX3	ISL1
LHX3	ATOH1
LHX4	ESRRG
LHX4	ISL1
LHX5	BARHL2
LHX5	NHLH2
LHX6	DLX1
LHX8	DLX6
LHX8	FOXG1
LHX9	BARHL2
LHX9	DACH1
LIN28	BPTF
LIN28A	FOXH1
LIN28B	ARID3B
LIN54	E2F2
LMX1A	DMRTA2
LMX1A	MSX1
LMX1B	ALX4
LMX1B	BHLHE40
LMX1B	DLX5
LTF	CEBPE
LYL1	TAL1
LYL1	HHEX
MAF	ZBTB7B
MAF	ETS1
MAF	FOSL2
MAF	KLF6
MAF	STAT1
MAFA	NEUROD1
MAFA	PAX6
MAFB	ETS2
MAFB	FOS
MAFF	FOSL2
MAFF	ATF3
MAFF	FOS
MAFF	ATF7
MAFG	NFE2L1
MAFG	ATF3
MAFK	MAFF
MAFK	FOS
MAFK	TCF12
MAFK	TRAFD1
MAFK	ZNF335
MAFK	ANKZF1
MAFK	E2F6
MAX	NFE2L1
MAX	HLF
MAX	GTF2B
MAX	ZNF771
MAX	IRF9
MAX	MTERF2
MAX	PHF20
MAX	REPIN1
MAX	STAT1
MAX	ZNF451
MAZ	FOS
MAZ	MBD3
MAZ	THAP3
MAZ	ZBTB3
MAZ	ZNF174
MAZ	ZSCAN21
MAZ	AKAP8L
MAZ	FOSL1
MBD1	BPTF
MBD2	DNMT1
MBD2	CEBPB
MBD2	ATF3
MBD2	ETS1
MBD3	GATAD2A
MBD3	FBXL19
MBD3	MAZ
MBD4	STAT1
MBD4	ATF4
MBD4	BAZ2A
MBD6	NR5A1
MBNL1	EEA1
MBNL2	EPAS1
MECOM	HMGN3
MECOM	JUN
MECOM	MYC
MECP2	FOS
MECP2	KMT2A
MECP2	MEF2C
MECP2	OLIG1
MEF2A	JUN
MEF2A	KLF7
MEF2A	MEF2D
MEF2B	ARID3A
MEF2B	IKZF1
MEF2C	ARID5B
MEF2C	JUN
MEF2D	NFE2L1
MEF2D	JUND
MEIS1	MEIS2
MEIS1	FOXP1
MEIS1	PBX1
MEIS1	BAZ2A
MEIS1	BNC2
MEIS2	MEIS1
MEIS2	PBX1
MEIS2	PBX3
MEIS3	MEIS2
MEIS3P1	ARNT2
MELTF	ETV3
MEOX1	MEOX2
MEOX2	MEOX1
MEOX2	EBF2
MESP1	SPDEF
MESP2	MESP1
MESP2	POU2F3
MGA	AHCTF1
MGAM	AHCTF1
MITF	BHLHE41
MITF	HMG20B
MITF	ETS1
MITF	MAZ
MITF	REPIN1
MITF	SNAI2
MIXL1	EOMES
MIXL1	EVX1
MKX	GLIS2
MLX	ESRRA
MLXIP	MEF2D
MLXIP	NFIC
MLXIPL	CEBPA
MNT	RARA
MNT	JUND
MNT	KMT2B
MNX1	FOXA1
MNX1	FOXC1
MNX1	HOXB9
MNX1	HOXC13
MSANTD1	ARNT2
MSANTD3	CHCHD3
MSANTD4	STAT6
MSC	NFKB1
MSGN1	PITX2
MSGN1	SOX2
MSX1	DLX2
MSX1	EBF1
MSX2	DLX3
MSX2	FOXC1
MTERF1	ZNF480
MTERF2	ELF4
MTERF3	CDX1
MTERF4	ZNF37A
MTF1	NKRF
MTF2	BHLHE40
MTF2	ESRRA
MTF2	FOSL2
MTF2	HMGA2
MTF2	HMGN3
MTF2	IKZF3
MXD1	ELF4
MXD3	CENPA
MXD4	KLF13
MXD4	MXD1
MXI1	HINFP
MXI1	ANKZF1
MXI1	BHLHE40
MXI1	HLF
MXI1	ZNF628
MXI1	ATF6B
MXI1	CC2D1A
MXI1	FOS
MYB	BCL6
MYB	CEBPB
MYB	E2F2
MYB	GATA3
MYB	MAZ
MYBL1	AKNA
MYBL2	FOXM1
MYBL2	TFDP1
MYBL2	CENPA
MYBL2	E2F1
MYC	PA2G4
MYC	FOXO3
MYC	HMGA1
MYC	TFDP1
MYC	ATF4
MYC	CEBPB
MYC	MAX
MYC	NFX1
MYC	HLF
MYC	MXI1
MYC	NME2
MYC	TP53
MYC	YBX1
MYCL	ZBTB7B
MYCN	YBX1
MYCN	GATA2
MYCN	HAND2
MYCN	MAZ
MYCN	NME2
MYCN	PHOX2B
MYF5	MYF6
MYF5	PITX2
MYF6	SIX1
MYNN	BHLHE40
MYNN	CEBPZ
MYOD1	MYOG
MYOD1	ATF4
MYOD1	CEBPB
MYOD1	NFIX
MYOG	MYOD1
MYOG	MEF2C
MYOG	SIX1
MYPOP	CAMTA2
MYRF	NACC2
MYRFL	CDX1
MYSM1	NFAT5
MYT1	ASCL1
MYT1L	CAMTA1
MZF1	E4F1
MZF1	HSF4
NACC2	ARNT2
NAIF1	ARID3A
NANOG	ZFP42
NANOG	ZIC2
NANOG	PAX6
NANOG	POU5F1
NANOG	SOX2
NANOG	GBX2
NANOG	SALL1
NANOG	SALL4
NANOG	ETV5
NANOG	GATA3
NANOGNB	FOXR1
NANOGP8	ARID3B
NCOA1	ESR1
NCOA1	FOS
NCOA1	IRF1
NCOA2	FOS
NCOA2	ATF3
NCOA2	BHLHE40
NCOA3	KLF4
NCOA3	ESR1
NCOA3	ESRRB
NEUROD1	EGR1
NEUROD1	ZBTB18
NEUROD2	NEUROD1
NEUROD2	BCL6
NEUROD2	CAMTA1
NEUROD4	HES6
NEUROD4	INSM1
NEUROD6	FOXG1
NEUROG1	BARHL2
NEUROG1	BHLHE23
NEUROG1	DLX1
NEUROG2	BHLHE22
NEUROG2	DACH1
NEUROG2	DMRTA2
NEUROG3	SOX2
NEUROG3	HES6
NEUROG3	KLF2
NFAT5	SPEN
NFAT5	ASH1L
NFATC1	RARA
NFATC1	EGR2
NFATC1	IKZF1
NFATC2	IKZF1
NFATC2	NFATC1
NFATC3	CTCF
NFATC3	EGR1
NFATC4	GLI2
NFATC4	GLI3
NFE2	LYL1
NFE2	MAFG
NFE2	SPI1
NFE2	BHLHE40
NFE2L1	CREBZF
NFE2L1	JUND
NFE2L2	CEBPB
NFE2L2	EGR1
NFE2L2	LTF
NFE2L2	NR1D1
NFE2L3	ETV4
NFE4	GCM1
NFI	ADNP
NFI	AHDC1
NFIA	NFIB
NFIA	SOX4
NFIB	NFIA
NFIB	JUN
NFIC	JUNB
NFIC	MTF2
NFIC	NACC2
NFIC	AHDC1
NFIL3	BCL6
NFIX	JUN
NFIX	SKI
NFKB1	CEBPB
NFKB1	JUND
NFKB1	ATF4
NFKB1	DNMT1
NFKB2	ARID5A
NFKB2	BATF
NFKB2	NFKB1
NFX1	YBX1
NFX1	AKAP8
NFXL1	ARID3B
NFXL1	BHLHE40
NFYA	JUN
NFYA	KLF6
NFYA	E2F1
NFYA	NFYC
NFYA	SOX4
NFYA	SP3
NFYA	SRF
NFYB	JUN
NFYB	ANKZF1
NFYB	ELF3
NFYB	HINFP
NFYB	HOXC9
NFYB	JUNB
NFYB	JUND
NFYC	ETS1
NFYC	AKNA
NHLH1	DACH1
NHLH1	EBF1
NHLH2	BARHL2
NHLH2	EN2
NKRF	AHCTF1
NKX11	CENPS
NKX12	ARID3B
NKX21	CENPB
NKX21	CREB3L2
NKX22	CENPB
NKX22	FEV
NKX23	ATF4
NKX24	ZNF473
NKX25	CREB3L2
NKX25	GATA4
NKX26	GATA4
NKX28	ANHX
NKX31	SPDEF
NKX31	CREB3L1
NKX32	FOXF1
NKX61	ZNF503
NKX62	MYRF
NKX63	PAX6
NME2	CEBPB
NMYC	AHCTF1
NMYC	ARID5A
NOBOX	DMRT1
NOBOX	DMRTB1
NOTO	ATOH1
NOTO	BARHL2
NOTO	EN2
NPAS1	BCL11A
NPAS2	ARNTL
NPAS3	ARNT2
NPAS4	EGR4
NR0B1	DMRT1
NR0B1	POU5F1
NR0B1	TBX3
NR1D1	NR1D2
NR1D2	HIVEP2
NR1D2	NR1D1
NR1H2	RARA
NR1H2	CEBPB
NR1H3	MAFB
NR1H3	SREBF1
NR1H4	CREB3L3
NR1I2	HNF4A
NR1I2	ESR1
NR1I3	KDM2B
NR2C1	CREBZF
NR2C1	DMTF1
NR2C2	SRCAP
NR2C2	FBXL19
NR2C2	GABPA
NR2C2	NFXL1
NR2E1	FOXG1
NR2E1	LHX2
NR2E3	NRL
NR2E3	BACH2
NR2F1	BCL11A
NR2F1	DACH1
NR2F2	CEBPB
NR2F2	EPAS1
NR2F2	NR2F1
NR2F6	ESRRA
NR2F6	REPIN1
NR3C1	BHLHE40
NR3C1	CEBPB
NR3C1	CREB1
NR3C1	ETS1
NR3C1	FOSL2
NR3C2	CDX1
NR4A1	BHLHE40
NR4A1	FOS
NR4A2	ATF3
NR4A2	CEBPD
NR4A3	ATF3
NR5A1	SRCAP
NR5A1	TCF7L1
NR5A2	ELF3
NR5A2	ESR1
NR5A2	MYB
NR6A1	ARID3B
NR6A1	LIN28A
NRF1	NR1D1
NRF1	CC2D1A
NRF1	E2F6
NRF1	MBD1
NRF1	PCGF6
NRF1	RBAK
NRF2	AHR
NRL	NR2E3
NRL	TFAP2B
OCT1	ARHGAP35
OCT1	ARX
OLIG1	OLIG2
OLIG2	SOX2
OLIG2	OLIG1
OLIG2	DMRTA2
OLIG2	EBF3
OLIG3	CASZ1
OLIG3	DACH1
OLIG3	EBF2
ONECUT1	ONECUT2
ONECUT1	FOXA2
ONECUT1	NR5A2
ONECUT2	ONECUT1
ONECUT2	DACH1
ONECUT3	LIN28B
ONECUT3	ONECUT2
ONECUT3	ALX4
OSR2	NR2F2
OSR2	PRRX1
OTP	LHX5
OTP	NHLH2
OTP	SOX11
OTX1	BCL11A
OTX1	BCL11B
OTX2	LMX1A
OTX2	NEUROD1
OTX2	SALL2
OVOL1	GRHL1
OVOL1	GRHL3
OVOL2	KLF5
OVOL2	CASZ1
OVOL3	DMRTC2
OXSR1	AEBP1
PA2G4	HMGA1
PATZ1	SOX12
PATZ1	BACH2
PAX1	DMRT2
PAX1	GATA3
PAX1	MAFB
PAX2	HOXB3
PAX2	HOXB6
PAX2	HOXB7
PAX3	MITF
PAX3	MSX1
PAX3	NR2F1
PAX4	CDX2
PAX4	HNF4A
PAX5	STAT1
PAX5	IRF8
PAX5	JUNB
PAX5	KDM5B
PAX5	NCOA3
PAX5	SPIB
PAX6	ISL1
PAX6	SOX2
PAX6	ZIC1
PAX6	FOXC1
PAX7	MYOD1
PAX7	PBX1
PAX7	SOX11
PAX8	EBF4
PAX8	GLIS3
PAX8	CEBPB
PAX9	EHF
PAX9	GRHL3
PBRM1	ATF4
PBX1	MEIS1
PBX1	MEIS2
PBX1	ZBTB20
PBX1	BCL6
PBX2	ARID3A
PBX2	ATF6B
PBX2P1	AKNA
PBX3	JUNB
PBX3	MEIS2
PBX3	CAMTA1
PBX3	DRAP1
PBX3	E4F1
PBX3	ETV5
PBX4	IRF1
PCGF2	CBX2
PCGF2	EN1
PCGF2	GBX2
PCGF2	PAX3
PCGF6	E2F6
PDHX	AKNA
PDX1	ATF3
PDX1	NEUROD1
PDX1	PAX6
PEG3	CSRNP3
PGR	HIF1A
PGR	ESR1
PGR	HOXA11
PHF1	AKNA
PHF20	ARID5B
PHF20	CEBPZ
PHF21A	BAZ2A
PHOX2A	HAND2
PHOX2A	FEV
PHOX2A	PHOX2B
PHOX2B	FEV
PHOX2B	HAND1
PHOX2B	HAND2
PIN1	ARNT2
PITX1	PAX9
PITX1	EGR1
PITX2	EGR1
PITX2	EPAS1
PITX3	LBX1
PITX3	SIX1
PKMYT1	BARHL1
PKNOX1	POU2F1
PKNOX1	BHLHE40
PKNOX1	HINFP
PKNOX2	MEF2C
PLAG1	AHR
PLAG1	BACH2
PLAGL1	EGR1
PLAGL2	DOT1L
PLAGL2	FOS
PLSCR1	IRF2
POGK	AHCTF1
POU1F1	CEBPD
POU1F1	HIF1A
POU1F1	JUN
POU2AF1	SPIB
POU2AF1	IRF8
POU2F1	BPTF
POU2F1	GATAD2B
POU2F1	HMGA1
POU2F1	KMT2A
POU2F2	IRF1
POU2F2	IRF5
POU2F2	IRF8
POU2F2	MEF2B
POU2F3	BCL11B
POU2F3	BCL6
POU3F1	SOX21
POU3F1	BCL11B
POU3F1	NR2F1
POU3F2	SOX2
POU3F2	ARNT2
POU3F2	CXXC4
POU3F3	FOXG1
POU3F3	LHX2
POU3F4	FOXG1
POU3F4	ASCL1
POU4F1	DACH1
POU4F1	DMRTA2
POU4F1	INSM1
POU4F2	DACH1
POU4F2	NR2F1
POU4F2	NR2F2
POU4F2	ASCL1
POU4F3	SHOX2
POU4F3	ASCL1
POU4F3	ATOH1
POU5F1	SOX2
POU5F1	NANOG
POU5F1	ETV5
POU5F1	FOXD3
POU5F1	SALL2
POU5F1	ZIC2
POU5F1	ZIC3
POU5F1B	ATF6B
POU5F2	CENPB
POU6F1	CAMTA2
POU6F2	CSRNP3
PPAR	ADNP
PPARA	CREB3L3
PPARA	KLF4
PPARA	NFE2L2
PPARD	BHLHE40
PPARD	MYC
PPARD	NFKB2
PPARD	RXRA
PPARD	EGR1
PPARG	CEBPA
PPARG	EGR1
PPARG	BHLHE40
PPARG	CEBPB
PPARG	EPAS1
PRDM1	BHLHE40
PRDM1	ATF3
PRDM1	CEBPD
PRDM10	GATAD2B
PRDM10	NR2C2
PRDM12	BARHL1
PRDM12	DLX1
PRDM13	EN2
PRDM13	FOXC1
PRDM13	HMX1
PRDM14	GLI2
PRDM14	MEIS2
PRDM14	CBX2
PRDM14	FOXD3
PRDM14	KDM5B
PRDM14	MYB
PRDM15	IKZF3
PRDM15	KDM2B
PRDM16	AEBP1
PRDM16	CREB3L2
PRDM2	ASH1L
PRDM2	HIVEP2
PRDM4	ATF4
PRDM4	BAZ2A
PRDM5	BNC2
PRDM5	CREB3L2
PRDM6	FOXC1
PRDM6	BNC2
PRDM8	FOSL2
PRDM8	MEIS1
PRDM9	DMRTC2
PRDM9	ANHX
PREB	ESRRA
PRKRA	CENPB
PRMT3	PA2G4
PROP1	HOXD10
PROP1	LHX3
PROX1	HNF4A
PROX1	SMAD3
PROX2	NCOA3
PROX2	TET1
PRR12	SRCAP
PRR12	AHDC1
PRRX1	HIF1A
PRRX1	NME2
PRRX2	AEBP1
PTF1A	FOXA2
PTF1A	NR5A2
PTF1A	RBPJL
PURA	ZNF354C
PURB	SKI
PURG	CAMTA1
RAG1	EBF1
RAG1	RUNX1
RARA	CEBPB
RARA	CEBPA
RARA	EGR1
RARA	RARG
RARB	HEY1
RARB	BHLHE40
RARB	EGR1
RARB	ETV5
RARG	RXRA
RARG	BHLHE40
RAX	PAX6
RAX	ALX1
RAX	ALX3
RAX2	CRX
RAX2	AHR
RBAK	MYSM1
RBAK	AHCTF1
RBCK1	IRF7
RBM10	ATF4
RBPJ	NFIA
RBPJ	SPEN
RBPJ	E2F2
RBPJ	FOSL2
RBPJ	GATAD2A
RBPJL	NR5A2
RBSN	ARNT2
RC3H1	ATF4
REL	NFKB1
REL	NFKB2
RELA	RELB
RELA	NFKB1
RELA	STAT1
RELA	REL
RELA	STAT6
RELA	GPBP1
RELA	IRF2
RELB	NFKB2
RELB	ARID5A
REPIN1	ESRRA
REST	HES1
REST	LHX3
REST	LIN28A
REST	NR6A1
REST	SCRT1
REST	HES3
REST	NEUROD4
REST	ONECUT2
REST	BARHL1
REXO4	TEAD4
RFX1	FOXP4
RFX1	KLF16
RFX2	CEBPB
RFX2	CXXC1
RFX3	FOXJ1
RFX3	RFX4
RFX4	CREB5
RFX4	GLI3
RFX5	MXI1
RFX5	NFKB2
RFX5	SRF
RFX5	ZNF70
RFX5	ANKZF1
RFX5	CEBPB
RFX6	FEV
RFX7	ADNP
RFX7	BPTF
RFX8	FOXD1
RHOXF1	EN2
RHOXF1	LHX2
RHOXF2	CTCFL
RHOXF2	DMRTB1
RHOXF2B	CTCFL
RHOXF2B	LIN28B
RLF	AHCTF1
RNF141	CREB5
RORA	JUNB
RORA	CEBPB
RORB	ARNT2
RORC	ARNTL2
RREB1	SP1
RREB1	CAMTA1
RUNX1	DNMT1
RUNX1	FOS
RUNX1	KLF6
RUNX1	EGR1
RUNX1	LYL1
RUNX1	ARID5A
RUNX1	CXXC5
RUNX1	LIN28A
RUNX1	MEF2D
RUNX2	FOSL2
RUNX2	FOS
RUNX2	HIF1A
RUNX2	JUN
RUNX2	RUNX1
RUNX3	IKZF1
RUNX3	TCF7
RUNX3	BHLHE40
RXRA	BHLHE40
RXRA	SREBF1
RXRA	CEBPA
RXRA	RARA
RXRB	NR5A1
RXRB	RARA
RXRG	LBX1
SAFB	SAFB2
SAFB2	SAFB
SALL1	SALL4
SALL1	SOX2
SALL2	SOX2
SALL3	SOX2
SALL3	NPAS3
SALL4	SALL1
SALL4	ZFP42
SALL4	ARID5B
SALL4	POU5F1
SATB1	FOXP1
SATB1	KLF4
SATB1	MYB
SATB2	FOXP1
SATB2	SOX11
SCMH1	NFIC
SCML4	IKZF1
SCRT1	EBF3
SCRT2	ZIC1
SCRT2	CUX2
SCX	AHDC1
SEBOX	ARID5A
SETBP1	PBX1
SETBP1	CREB5
SETDB1	ATF4
SETDB1	HMGA1
SETDB1	BHLHE40
SETDB1	DNMT1
SETDB1	BAZ2A
SETDB1	HMGN3
SETDB1	JUN
SETDB1	YBX1
SETDB1	ZBTB40
SETDB1	ARNT
SETDB2	DMTF1
SETDB2	FOXP1
SFPI1	AEBP2
SFPI1	AHDC1
SGSM2	ARHGAP35
SHOX	EBF1
SHOX	EBF3
SHOX	EMX2
SHOX2	FOXD1
SHOX2	HOXC4
SIM1	INSM1
SIM1	ISL1
SIM2	ARNT2
SIM2	CASZ1
SIX1	SIX4
SIX2	SIX1
SIX2	FOXC1
SIX2	HOXC10
SIX3	DLX6
SIX3	EMX2
SIX4	SIX1
SIX5	CC2D1A
SIX5	FBXL19
SIX5	ZNF155
SIX5	ZNF17
SIX5	ZNF211
SIX6	INSM1
SIX6	ASCL1
SIX6	DLX6
SKI	NFIX
SKIL	SMAD3
SKIL	CSRNP1
SKOR1	OTX2
SKOR2	SKOR1
SLC2A4RG	ESRRA
SMAD1	FOXO3
SMAD1	KLF9
SMAD1	LEF1
SMAD1	ATF3
SMAD3	ETS1
SMAD3	KLF6
SMAD3	ATF3
SMAD3	BHLHE40
SMAD3	CXXC5
SMAD3	FOSL2
SMAD4	TEAD1
SMAD4	BHLHE40
SMAD4	KLF6
SMAD4	FOXO3
SMAD4	GATA6
SMAD4	JUND
SMAD4	KLF10
SMAD4	NCOA1
SMAD5	SMAD4
SMAD5	BHLHE40
SMAD9	NFIA
SMAD9	ATOH8
SMYD3	CEBPB
SNAI1	BHLHE40
SNAI1	CEBPB
SNAI2	FOSL1
SNAI2	PRRX1
SNAI3	KLF2
SNAPC2	CENPB
SNAPC4	AKAP8L
SNAPC4	DOT1L
SNAPC5	ATF6B
SOHLH1	EMX1
SOHLH2	OTX2
SON	ARID5B
SOX1	FOXG1
SOX1	NPAS3
SOX10	SOX8
SOX10	EGR2
SOX11	SOX5
SOX11	EBF1
SOX11	KLF4
SOX11	MAZ
SOX11	MBD3
SOX12	FOXM1
SOX12	CBX2
SOX13	KLF9
SOX13	BCL6
SOX13	BHLHE40
SOX14	LHX5
SOX14	SOX1
SOX14	SOX11
SOX15	GRHL3
SOX17	GATA6
SOX17	FOXQ1
SOX17	BCL6B
SOX18	BCL6B
SOX2	ETV1
SOX2	FOS
SOX2	NFIB
SOX2	NANOG
SOX2	LEF1
SOX2	NR4A2
SOX2	PAX6
SOX2	PBX3
SOX2	POU5F1
SOX2	SALL4
SOX2	ARID5B
SOX21	SOX2
SOX21	BCL11A
SOX3	POU3F2
SOX3	SOX1
SOX3	SOX2
SOX3	POU3F3
SOX30	YBX2
SOX30	HSF5
SOX4	NFIB
SOX4	BCL11A
SOX5	SOX11
SOX5	BCL11B
SOX6	ETV1
SOX6	SOX11
SOX6	ARID3A
SOX6	ARID5B
SOX7	FOXQ1
SOX7	ATF4
SOX8	SOX2
SOX9	KLF6
SOX9	FOS
SOX9	FOSB
SOX9	FOSL1
SOX9	HES1
SP1	HMGA1
SP1	FOSL1
SP1	KLF6
SP1	ZBTB3
SP1	ARNT
SP1	RARA
SP1	RFX2
SP100	ETS1
SP110	IKZF1
SP140	IKZF1
SP140L	AKNA
SP2	GATAD2A
SP2	GATAD2B
SP2	MEF2D
SP2	NAIF1
SP2	NFE2L1
SP3	SP1
SP3	ARID5B
SP4	CREB1
SP4	THAP5
SP4	ARID2
SP4	BCL11B
SP5	FOXQ1
SP5	ETV4
SP6	DLX3
SP7	CREB3L1
SP8	SOX21
SP8	BCL11A
SP8	BCL11B
SP9	CSRNP3
SPDEF	BHLHE40
SPDEF	CREB3L4
SPEN	ASH1L
SPI1	RUNX1
SPI1	FLI1
SPI1	CREB3
SPI1	FOS
SPI1	LYL1
SPI1	PATZ1
SPI1	SP110
SPI1	E2F4
SPIB	IKZF3
SPIB	IRF5
SPIC	IKZF1
SPZ1	SOX30
SRCAP	BAZ2A
SREBF1	SREBF2
SREBF1	BHLHE40
SREBF1	JUND
SREBF1	AKAP8L
SREBF2	EGR1
SREBF2	JUND
SREBF2	SREBF1
SREBP1	ARID3A
SREBP2	ARID2
SRF	EGR1
SRF	KLF4
SRF	ATF4
SRF	JUNB
SRF	JUND
SRF	FOS
SRY	HMGA1
SRY	ONECUT1
SRY	TFAP2C
SRY	AR
SRY	ARNT2
ST18	PAX6
STAT1	IRF1
STAT1	FOS
STAT1	IRF9
STAT1	PLSCR1
STAT1	BATF2
STAT2	IRF9
STAT2	PLSCR1
STAT3	KLF6
STAT3	MYC
STAT3	STAT1
STAT3	BCL6
STAT3	BHLHE40
STAT3	FOS
STAT3	IRF1
STAT3	JUN
STAT3	ATF3
STAT3	IRF9
STAT4	IKZF1
STAT4	IRF1
STAT5	ANKZF1
STAT5A	STAT5B
STAT5A	BCL6
STAT5A	ETS1
STAT5B	RARA
STAT5B	STAT5A
STAT6	STAT3
STAT6	STAT5A
STAT6	BCL6
SUZ12	PA2G4
T	BHLHE40
T	CDX1
T	CDX2
TAL1	LYL1
TAL1	HHEX
TAL1	FLI1
TAL1	GFI1B
TAL1	JUN
TAL1	KLF1
TAL1	DDIT3
TAL1	GATA1
TAL2	HEY1
TAL2	MEF2C
TBP	KDM2A
TBP	KDM5B
TBP	BRF2
TBP	FIZ1
TBP	FOS
TBP	FOXO1
TBP	JUNB
TBP	ZBTB3
TBPL1	ARHGAP35
TBPL2	FOXR1
TBR1	EMX1
TBR1	NEUROD6
TBX1	FOXC1
TBX1	LBX1
TBX10	HNF4A
TBX15	SIX1
TBX15	BNC2
TBX18	FOXC1
TBX19	PLAGL1
TBX19	ZMAT1
TBX2	EGR1
TBX20	GATA6
TBX20	HAND2
TBX20	TEAD1
TBX21	IKZF1
TBX21	AKNA
TBX22	LIN28B
TBX3	ETS1
TBX3	NR2F2
TBX3	ARID5B
TBX4	EPAS1
TBX4	FOXF1
TBX4	GATA2
TBX5	GATA4
TBX5	NKX2-5
TBX5	TBX20
TBX6	PRDM1
TBX6	RARG
TBXT	MIXL1
TCF12	MYC
TCF12	BHLHE40
TCF12	EGR1
TCF12	FOS
TCF12	FOSL1
TCF12	HES1
TCF12	KLF6
TCF15	SOX18
TCF20	GATAD2A
TCF20	AHCTF1
TCF21	EPAS1
TCF21	ETS1
TCF21	FOXF1
TCF23	ESR1
TCF23	MEIS2
TCF24	ARGFX
TCF3	ADNP
TCF3	BHLHE40
TCF3	E2F1
TCF3	JUNB
TCF3	LYL1
TCF3	XBP1
TCF4	KLF6
TCF4	ETS2
TCF4	KLF4
TCF4	KLF5
TCF4	NFIX
TCF4	TCF7L2
TCF4	AHR
TCF7	LEF1
TCF7	HMGA1
TCF7	IKZF1
TCF7	RUNX3
TCF7L1	CBX2
TCF7L2	ZNF775
TCF7L2	EPAS1
TCF7L2	LEF1
TCF7L2	MBD6
TCF7L2	MEIS2
TCF7L2	MNX1
TCF7L2	NFE2L2
TCF7L2	NR4A2
TCFL5	ARHGAP35
TEAD1	SMAD3
TEAD1	ARHGAP35
TEAD2	ATF3
TEAD2	ATF4
TEAD3	NFATC4
TEAD4	TEAD1
TEAD4	NR4A3
TEAD4	FOXM1
TEAD4	ZBED5
TEAD4	BCL6
TEAD4	CREB3L2
TEF	THRA
TERB1	CTCFL
TERF1	NCOA3
TERF1	PRDM14
TERF2	JUN
TERF2	MEF2D
TET1	BHLHE40
TET1	FOSL1
TET1	HOXA1
TET1	NANOG
TET1	TCF7L1
TET2	EGR1
TET2	FOS
TET3	BAZ2A
TET3	BCL11B
TFAP2A	TFAP2C
TFAP2A	DLX3
TFAP2A	IRX3
TFAP2A	RARG
TFAP2A	BHLHE40
TFAP2B	IRX1
TFAP2B	IRX2
TFAP2C	CENPA
TFAP2C	EGR3
TFAP2C	FOS
TFAP2C	ZNF750
TFAP2D	BHLHE22
TFAP2D	EBF1
TFAP2E	BARHL2
TFAP2E	EN2
TFAP4	PA2G4
TFAP4	ZBTB7B
TFAP4	ZNF785
TFCP2	SP1
TFCP2	TCF7L1
TFCP2L1	CASZ1
TFDP1	HMGA1
TFDP1	MYBL2
TFDP2	E2F2
TFDP2	TCF12
TFDP3	ANHX
TFDP3	DMRT1
TFE3	CEBPB
TFE3	RARA
TFEB	BHLHE40
TFEB	JUN
TFEC	FLI1
TGIF1	CEBPD
TGIF2	NFKB2
TGIF2	SMAD3
TGIF2	ARID3A
TGIF2LX	TGIF2LY
TGIF2LX	CPXCR1
TGIF2LY	TGIF2LX
THAP1	BHLHE40
THAP1	CDC5L
THAP1	JUND
THAP1	NFE2L1
THAP10	AKNA
THAP11	CHCHD3
THAP11	MAX
THAP12	AHCTF1
THAP2	CREM
THAP2	SOX4
THAP3	NR1H2
THAP4	ESRRA
THAP5	GPBP1
THAP5	SKIL
THAP6	ZNF383
THAP6	ZNF70
THAP7	HSF1
THAP8	ZNF581
THAP9	TET1
THAP9	ZNF273
THRA	RXRA
THRA	ARNT2
THRB	EPAS1
THRB	NCOA3
THYN1	CAMTA1
TIGD1	ZNF814
TIGD2	NR1H4
TIGD3	IRF7
TIGD4	RFX3
TIGD5	E4F1
TIGD5	MBD3
TIGD6	AHR
TIGD7	ZNF84
TIGD7	THAP5
TLX1	FLI1
TLX1	FOXC1
TLX1	FOXD3
TLX2	HAND1
TLX2	HAND2
TLX2	MEIS1
TLX3	SKOR1
TLX3	ZIC1
TLX3	BARHL1
TMF1	MBD1
TOPORS	AHCTF1
TOX4	BAZ2A
TP53	ATF3
TP53	FOSL1
TP53	TFDP1
TP53	BHLHE40
TP53	E2F7
TP53	FOXO3
TP53	HIF1A
TP63	EHF
TP63	IRF6
TP63	ZNF750
TP63	BHLHE40
TP63	TFAP2A
TP63	FOSL1
TP63	FOXO1
TP63	GRHL3
TP73	TP63
TP73	ATF3
TPRX1	DOT1L
TPRX1	DUXA
TRAFD1	IRF1
TRERF1	ETS1
TRERF1	KDM2A
TRPS1	FOXA1
TRPS1	GATA3
TSC22D1	ARNT2
TSHZ1	MEIS2
TSHZ1	KMT2A
TSHZ2	EBF1
TSHZ2	EBF3
TSHZ3	NR2F2
TSHZ3	BHLHE40
TTF1	BAZ2A
TWIST1	FOSB
TWIST1	KLF10
TWIST1	ATF3
TWIST2	TWIST1
U2AF1	BHLHE40
UBA2	AEBP2
UBP1	FOXP1
UNCX	BARHL2
UNCX	NHLH2
UNCX	SKOR1
USF1	ATF4
USF1	IRF9
USF1	BCL6
USF1	CHCHD3
USF1	HIF1A
USF1	HOXB7
USF1	MAFG
USF2	MAFG
USF2	MLX
USF2	ATF6B
USF2	IRF9
USF2	NR3C2
USF2	ZBTB25
USF3	ASH1L
VAX1	FOXG1
VAX1	LHX2
VAX1	NR2E1
VAX2	DLX4
VAX2	EN2
VAX2	HOXC8
VDR	CEBPB
VDR	BHLHE40
VDR	IRF1
VDR	IRF8
VDR	SPI1
VDR	STAT1
VENTX	NANOG
VENTX	NFE2
VEZF1	PBX1
VEZF1	TEAD1
VSX1	BARHL1
VSX1	BARHL2
VSX1	EN2
VSX2	PAX6
VSX2	CASZ1
VSX2	CRX
WIZ	ARHGAP35
WT1	EGR1
WT1	JUN
WT1	ATF3
WT1	CSRNP1
WT1	EGR2
WT1	EGR3
XBP1	FOS
XBP1	JUND
XBP1	TSC22D1
XBP1P1	FOXA1
XPA	BHLHE40
XPA	ETS2
YBX1	PA2G4
YBX2	DMRTB1
YBX3	LBX1
YEATS2	BAZ2A
YY1	ZNF226
YY1	MTERF4
YY1	TP53
YY1	ZNF230
YY1	ZNF317
YY1	ZNF621
YY1	PREB
YY1	TERF2
YY2	MYC
YY2	TEAD1
ZBED1	ESRRA
ZBED1	ATF4
ZBED2	BHLHE40
ZBED3	NFIC
ZBED4	TFDP1
ZBED5	SMAD4
ZBED6	AHCTF1
ZBED9	ZNF546
ZBTB1	NR3C1
ZBTB1	SP3
ZBTB10	EBF1
ZBTB10	FOXP1
ZBTB11	HIVEP2
ZBTB11	AHCTF1
ZBTB11	ASH1L
ZBTB12	SOX12
ZBTB12	CBX2
ZBTB14	FOXN2
ZBTB16	KLF9
ZBTB16	ARID5B
ZBTB16	ATF7
ZBTB17	RARA
ZBTB17	AKAP8L
ZBTB18	ZIC1
ZBTB2	SP3
ZBTB2	E2F3
ZBTB20	BAZ2B
ZBTB20	FOSL2
ZBTB21	ADNP2
ZBTB22	ATF6B
ZBTB24	BCL11A
ZBTB24	ETS1
ZBTB25	ZBTB1
ZBTB25	DDIT3
ZBTB26	CREBZF
ZBTB26	ZBTB6
ZBTB3	ARID3A
ZBTB3	SMAD3
ZBTB32	ARID5A
ZBTB33	TP53
ZBTB33	YY1
ZBTB33	CENPB
ZBTB33	CENPBD1
ZBTB33	CREBZF
ZBTB34	ARID3A
ZBTB37	TET2
ZBTB37	AHR
ZBTB38	MBNL2
ZBTB38	AHR
ZBTB39	CBX2
ZBTB39	PLAGL2
ZBTB4	EPAS1
ZBTB4	KLF13
ZBTB40	BAZ2A
ZBTB40	SRCAP
ZBTB41	EEA1
ZBTB41	LCOR
ZBTB42	ESRRA
ZBTB43	NFE2L1
ZBTB43	REL
ZBTB44	ADNP
ZBTB44	AEBP2
ZBTB45	MAZ
ZBTB45	E4F1
ZBTB46	SCRT2
ZBTB46	SKI
ZBTB47	CAMTA2
ZBTB48	FOS
ZBTB48	ARHGAP35
ZBTB49	AKNA
ZBTB5	TET3
ZBTB5	KDM5B
ZBTB6	ETS1
ZBTB6	GABPA
ZBTB7A	CEBPB
ZBTB7A	CAMTA2
ZBTB7A	JUNB
ZBTB7A	KLF16
ZBTB7A	NFIC
ZBTB7B	AKNA
ZBTB7B	BCL6
ZBTB7C	KLF5
ZBTB8A	ZNF347
ZBTB8B	CSRNP3
ZBTB9	ETV4
ZC3H8	BHLHE40
ZC3H8	FOS
ZEB1	SMAD3
ZEB1	TEAD1
ZEB1	ATF4
ZEB2	PBX1
ZEB2	TCF7L2
ZEB2	ZFHX3
ZFAT	IKZF2
ZFHX2	AHDC1
ZFHX2	SOX11
ZFHX3	CREB3L2
ZFHX3	FOXC1
ZFHX4	DACH1
ZFHX4	EBF3
ZFP1	CSRNP3
ZFP1	KDM5B
ZFP14	DMTF1
ZFP14	SALL2
ZFP2	L3MBTL1
ZFP2	NFIA
ZFP28	ZSCAN18
ZFP3	NFIA
ZFP3	NFIB
ZFP30	SOX11
ZFP30	SOX4
ZFP36L2	KLF6
ZFP37	SOX11
ZFP37	SOX4
ZFP41	ARHGAP35
ZFP42	NANOG
ZFP42	ESRRB
ZFP57	NANOG
ZFP57	NFIB
ZFP62	DMTF1
ZFP62	ZNF260
ZFP64	GATA3
ZFP64	KLF13
ZFP69	BARX1
ZFP69B	ZFP82
ZFP82	ZNF382
ZFP82	BAZ2B
ZFP90	ESRRA
ZFP90	KDM5B
ZFP91	YBX1
ZFP92	ZNF382
ZFP92	ASCL4
ZFPM1	FOXP4
ZFPM1	GATA1
ZFPM2	NFIA
ZFPM2	BARHL2
ZFX	PBX1
ZFX	SMAD4
ZFX	ARID2
ZFX	ARID5B
ZFX	BAZ2B
ZFX	BHLHE40
ZFY	ZFX
ZFY	HIF1A
ZGLP1	ANHX
ZGPAT	CEBPB
ZHX1	BHLHE40
ZHX1	ARID3B
ZHX1	CREB1
ZHX2	ETS1
ZHX2	TFEB
ZHX2	ZNF865
ZHX3	THRA
ZIC1	ZIC2
ZIC1	ZIC4
ZIC2	OTX2
ZIC2	ZIC1
ZIC3	POU5F1
ZIC3	SALL2
ZIC4	OTX2
ZIC4	ZIC1
ZIC5	OTX2
ZIC5	ZIC1
ZIK1	MTF2
ZIK1	SALL2
ZIM2	PEG3
ZIM3	CTCFL
ZKSCAN1	GTF2I
ZKSCAN1	JUN
ZKSCAN1	JUNB
ZKSCAN1	KDM5B
ZKSCAN2	ADNP
ZKSCAN2	GLI3
ZKSCAN3	NFAT5
ZKSCAN3	NR4A2
ZKSCAN4	ZKSCAN3
ZKSCAN4	ZKSCAN8
ZKSCAN5	ARID5B
ZKSCAN5	PHF20
ZKSCAN7	ZBTB3
ZKSCAN7	ZKSCAN4
ZKSCAN8	CREBZF
ZMAT1	BAZ2B
ZMAT1	DMTF1
ZMAT4	MYT1L
ZNF10	ZNF518A
ZNF10	DMTF1
ZNF100	ZNF850
ZNF100	MTF2
ZNF101	TCF7
ZNF101	IKZF1
ZNF106	LBX1
ZNF107	ZNF675
ZNF107	ZNF92
ZNF112	ZNF253
ZNF112	ZNF260
ZNF114	ZNF664
ZNF114	ATF3
ZNF117	BAZ2B
ZNF12	CREBZF
ZNF12	NFAT5
ZNF121	ZNF562
ZNF121	ELK4
ZNF124	MYBL2
ZNF124	ZNF669
ZNF131	CEBPZ
ZNF131	DNMT1
ZNF132	ZNF420
ZNF132	ZFP3
ZNF132	ZFP37
ZNF133	BAZ2B
ZNF133	DMTF1
ZNF134	ZIK1
ZNF134	ZNF551
ZNF134	ZNF649
ZNF135	ZNF471
ZNF135	ZNF667
ZNF136	ZNF14
ZNF136	ZNF791
ZNF136	ZNF850
ZNF138	LCORL
ZNF138	ZNF260
ZNF14	ZNF136
ZNF14	CREB1
ZNF14	SOX4
ZNF140	CREBZF
ZNF140	ZBED5
ZNF140	ZFP62
ZNF141	ZNF347
ZNF141	ZNF506
ZNF141	ZNF519
ZNF142	BAZ2A
ZNF142	CUX1
ZNF143	RARA
ZNF143	JUNB
ZNF143	KLF10
ZNF143	THYN1
ZNF143	TP53
ZNF143	ZNF205
ZNF143	ZNF224
ZNF146	CEBPZ
ZNF148	CREB1
ZNF148	SP3
ZNF154	ZNF793
ZNF154	ZNF814
ZNF155	ZNF221
ZNF155	KLF7
ZNF155	NCOA3
ZNF157	PAX6
ZNF157	SALL2
ZNF16	ZNF383
ZNF16	ZNF649
ZNF160	BAZ2B
ZNF160	ZKSCAN1
ZNF165	DDIT3
ZNF169	ZBTB25
ZNF169	ZFP14
ZNF17	ZNF181
ZNF17	ZNF550
ZNF17	CEBPZ
ZNF174	ZSCAN32
ZNF174	ZNF48
ZNF175	BCL6
ZNF175	BHLHE40
ZNF175	FOSB
ZNF175	FOSL2
ZNF177	ZNF559
ZNF177	L3MBTL1
ZNF18	ARID3A
ZNF18	AHR
ZNF180	ZNF253
ZNF180	ZNF430
ZNF181	THAP5
ZNF181	ZNF772
ZNF182	ZMAT1
ZNF182	DMTF1
ZNF184	MTF2
ZNF184	SOX4
ZNF189	MBNL2
ZNF19	ARID5B
ZNF19	ATF3
ZNF195	MTF2
ZNF195	SOX4
ZNF197	ZBTB38
ZNF197	ZNF253
ZNF197	ZNF566
ZNF2	GLYR1
ZNF2	ARID5B
ZNF20	ARID5B
ZNF200	ARID3A
ZNF200	NFYA
ZNF202	HMGA1
ZNF202	SRCAP
ZNF205	NR2F6
ZNF207	SON
ZNF207	ANKZF1
ZNF208	ZNF676
ZNF208	ZNF728
ZNF211	DMTF1
ZNF211	FOXO1
ZNF212	ZNF282
ZNF212	ZNF398
ZNF213	E4F1
ZNF214	BNC2
ZNF214	RFX3
ZNF215	E2F7
ZNF217	FOS
ZNF217	HIF1A
ZNF217	BHLHE40
ZNF217	ESR1
ZNF219	HMGA1
ZNF219	MAZ
ZNF22	ETS1
ZNF221	ZNF155
ZNF221	ZNF224
ZNF221	ZNF283
ZNF222	ZNF155
ZNF222	ZNF200
ZNF223	ZNF284
ZNF223	ZNF430
ZNF224	ZNF221
ZNF224	ZNF780A
ZNF225	ZNF221
ZNF226	DMTF1
ZNF226	TIGD1
ZNF227	ZNF146
ZNF227	ZNF155
ZNF227	ZNF234
ZNF229	ZNF471
ZNF23	DMTF1
ZNF23	ZSCAN30
ZNF230	ARID5B
ZNF230	BCL6
ZNF232	ATF4
ZNF232	ZIC2
ZNF233	ZBTB20
ZNF233	ZNF154
ZNF234	ZNF347
ZNF234	ZNF383
ZNF234	ZNF527
ZNF235	ZNF780B
ZNF235	KLF12
ZNF235	ZFP14
ZNF236	BBX
ZNF236	BPTF
ZNF239	ZNF485
ZNF24	ZKSCAN8
ZNF24	BAZ2B
ZNF24	BHLHE40
ZNF248	BAZ2B
ZNF248	DMTF1
ZNF25	CSRNP3
ZNF250	HINFP
ZNF250	KMT2A
ZNF251	KMT2A
ZNF251	L3MBTL1
ZNF253	BPTF
ZNF253	NCOA3
ZNF253	NFE2L1
ZNF254	BAZ2B
ZNF254	ZNF43
ZNF256	ZIK1
ZNF256	ZNF134
ZNF257	ZNF90
ZNF257	CENPA
ZNF26	NCOA3
ZNF26	STAT1
ZNF260	ZNF566
ZNF260	BAZ2B
ZNF263	FOXA1
ZNF263	CENPB
ZNF263	E4F1
ZNF263	FOXH1
ZNF263	KLF16
ZNF264	ZNF805
ZNF264	NCOA3
ZNF266	DMTF1
ZNF267	IRF1
ZNF268	RBPJ
ZNF268	ZBTB20
ZNF273	BCL11A
ZNF273	RORA
ZNF274	DMTF1
ZNF274	EGR1
ZNF274	FOSL1
ZNF274	KLF6
ZNF274	ZNF211
ZNF275	ARHGAP35
ZNF276	AKNA
ZNF277	MXD4
ZNF28	ZNF347
ZNF28	ZNF468
ZNF28	ZNF813
ZNF280A	L3MBTL3
ZNF280B	CPEB1
ZNF280C	ARID2
ZNF280D	BAZ2B
ZNF280D	DMTF1
ZNF281	FOXN2
ZNF281	HIF1A
ZNF282	ZNF212
ZNF282	ZNF398
ZNF283	ZNF347
ZNF283	ZNF383
ZNF283	ZNF527
ZNF284	ZNF221
ZNF284	ZNF223
ZNF284	SOX4
ZNF285	ZNF382
ZNF286A	ZNF253
ZNF286A	ZNF286B
ZNF286B	ZNF286A
ZNF286B	ZNF382
ZNF287	SOX11
ZNF287	ZIK1
ZNF292	BAZ2B
ZNF292	BPTF
ZNF296	IRF7
ZNF3	AKAP8
ZNF3	ADNP
ZNF30	SOX4
ZNF30	TCF7L2
ZNF300	NFIA
ZNF300	NFIB
ZNF302	ZNF493
ZNF302	FOXP1
ZNF304	ZNF134
ZNF304	FOXN3
ZNF304	RBAK
ZNF311	MEIS2
ZNF311	NFIB
ZNF316	ZNF865
ZNF316	CENPB
ZNF317	ETV3
ZNF317	GATAD2A
ZNF318	SPEN
ZNF318	AHRR
ZNF319	ZNF467
ZNF319	BCL6
ZNF32	GATAD2A
ZNF320	ZNF283
ZNF320	ZNF347
ZNF320	ZNF665
ZNF322P1	CDC5L
ZNF324	ZNF324B
ZNF324	ZBTB45
ZNF324B	ZNF324
ZNF326	CENPB
ZNF329	ZFP14
ZNF329	ZFP30
ZNF331	NR4A1
ZNF331	CEBPD
ZNF333	GTF2IRD2
ZNF333	KLF7
ZNF334	SALL2
ZNF334	BAZ2B
ZNF335	SRCAP
ZNF335	BAZ2A
ZNF337	KMT2A
ZNF337	ZBTB18
ZNF33A	LCOR
ZNF33A	ZNF33B
ZNF33B	ZNF33A
ZNF33B	BAZ2B
ZNF34	KLF9
ZNF34	KMT2A
ZNF341	SPI1
ZNF341	ARID5B
ZNF343	ZNF234
ZNF343	ARID5B
ZNF345	CREBZF
ZNF345	DMTF1
ZNF345	ZNF136
ZNF346	FOSL2
ZNF346	PHF21A
ZNF347	ZNF320
ZNF347	ZNF471
ZNF347	ZNF665
ZNF35	ZSCAN20
ZNF35	AHR
ZNF350	ZNF615
ZNF350	GTF2B
ZNF354A	SKIL
ZNF354A	SOX4
ZNF354B	NFAT5
ZNF354B	CREBZF
ZNF354C	TEAD1
ZNF354C	GABPA
ZNF358	MBD3
ZNF362	AEBP1
ZNF362	CXXC5
ZNF365	ARNT2
ZNF366	EBF1
ZNF367	E2F7
ZNF37A	ZNF621
ZNF37A	KMT2A
ZNF382	ZFP14
ZNF382	ZNF320
ZNF383	NCOA3
ZNF383	ZNF134
ZNF383	ZNF224
ZNF384	BCL6
ZNF384	KMT2B
ZNF384	CREB3
ZNF384	E2F2
ZNF384	EBF1
ZNF384	HIF1A
ZNF385A	CEBPB
ZNF385B	DPF3
ZNF385C	YBX2
ZNF385D	NFIA
ZNF391	BCL11A
ZNF391	ESRRA
ZNF394	AKNA
ZNF395	BHLHE40
ZNF396	ZKSCAN3
ZNF396	ZNF445
ZNF397	ZFP14
ZNF397	ZKSCAN3
ZNF398	ZNF282
ZNF398	ZNF212
ZNF404	ZNF260
ZNF404	USF2
ZNF407	ASH1L
ZNF407	FOXN3
ZNF408	ZNF581
ZNF408	ZNF668
ZNF41	ELK4
ZNF41	ADNP2
ZNF410	GTF2B
ZNF414	AHDC1
ZNF414	RFX1
ZNF415	ELF4
ZNF415	ZNF302
ZNF416	ZNF134
ZNF416	ZIK1
ZNF417	ZNF587
ZNF417	ZNF264
ZNF417	ZNF347
ZNF418	ZNF154
ZNF418	ZNF382
ZNF419	HINFP
ZNF419	HKR1
ZNF419	ZC3H8
ZNF420	ZFP82
ZNF420	ZNF570
ZNF420	NR3C1
ZNF423	EBF1
ZNF425	ZNF286B
ZNF425	ZNF554
ZNF426	ZNF431
ZNF426	ZNF562
ZNF428	CAMTA1
ZNF429	ZNF347
ZNF429	ZNF382
ZNF43	ZNF100
ZNF43	ZNF254
ZNF430	ZNF431
ZNF430	ZNF675
ZNF431	ZNF714
ZNF431	ARNTL2
ZNF432	ZNF140
ZNF432	ZNF587
ZNF433	ZNF471
ZNF433	ZNF568
ZNF436	KDM5B
ZNF436	NFIX
ZNF438	MXD1
ZNF439	ZFP14
ZNF439	ZNF506
ZNF44	ZNF274
ZNF44	ZNF345
ZNF440	HES2
ZNF440	KLF5
ZNF441	ZNF25
ZNF441	ZNF37A
ZNF442	ZBTB8A
ZNF442	ZNF136
ZNF443	ZNF799
ZNF443	ZNF93
ZNF444	MBD3
ZNF444	MZF1
ZNF445	BPTF
ZNF445	GATAD2B
ZNF446	ZNF324
ZNF446	ZNF580
ZNF449	CREBZF
ZNF449	NR2C1
ZNF45	NCOA3
ZNF45	ZNF112
ZNF45	ZNF134
ZNF451	ARID2
ZNF451	MBD1
ZNF454	ZNF568
ZNF454	ZNF665
ZNF460	ZNF264
ZNF460	ASH1L
ZNF461	ZNF382
ZNF461	ZNF568
ZNF461	ZNF793
ZNF462	ELF4
ZNF467	CEBPB
ZNF468	ZNF28
ZNF468	ZNF430
ZNF469	TWIST2
ZNF470	ZNF471
ZNF470	ZFP14
ZNF470	ZFP28
ZNF471	ZNF470
ZNF471	ZNF793
ZNF473	SOX30
ZNF474	ATF3
ZNF479	SOX30
ZNF48	MAZ
ZNF48	CAMTA1
ZNF480	ZNF234
ZNF480	ZNF37A
ZNF483	MECP2
ZNF483	PEG3
ZNF484	ZNF529
ZNF484	ARID2
ZNF485	PRMT3
ZNF486	ZNF90
ZNF486	ZNF100
ZNF487	ZBTB20
ZNF488	ARNT2
ZNF490	ZBTB3
ZNF490	ZNF264
ZNF491	ZNF253
ZNF491	KLF12
ZNF491	ZNF121
ZNF492	ZNF726
ZNF493	ZNF519
ZNF493	ZNF793
ZNF496	CBX2
ZNF496	DOT1L
ZNF497	MZF1
ZNF500	ZNF785
ZNF500	E4F1
ZNF501	ZNF354C
ZNF501	ZNF470
ZNF502	ZNF567
ZNF502	ZNF568
ZNF503	ATF4
ZNF503	MEIS1
ZNF506	ZNF793
ZNF506	ZNF814
ZNF506	DMTF1
ZNF507	AHCTF1
ZNF507	MBD1
ZNF510	ASH1L
ZNF510	PURB
ZNF511	GTF3A
ZNF512	ZFP90
ZNF512	CEBPB
ZNF512B	KMT2B
ZNF512B	PRR12
ZNF513	RARA
ZNF514	ZFP14
ZNF514	ZNF397
ZNF516	DACH1
ZNF516	LCOR
ZNF517	HSF4
ZNF517	L3MBTL1
ZNF518A	BAZ2B
ZNF518A	DMTF1
ZNF518B	ADNP
ZNF518B	BAZ2B
ZNF519	ZNF382
ZNF519	ZNF793
ZNF521	ETV1
ZNF521	DACH1
ZNF524	RXRA
ZNF525	ADNP
ZNF526	ARID3A
ZNF526	TFAP4
ZNF527	ZNF347
ZNF527	ZNF383
ZNF527	ZBTB8A
ZNF528	ZNF320
ZNF528	ZNF347
ZNF528	ZNF382
ZNF529	ZFP14
ZNF529	ZNF382
ZNF530	ZNF850
ZNF530	TFAP4
ZNF532	GLI3
ZNF532	NFIA
ZNF534	ALX3
ZNF536	EBF3
ZNF540	MYT1L
ZNF540	ZNF382
ZNF541	YBX2
ZNF543	ZNF264
ZNF543	NCOA3
ZNF543	TP53
ZNF544	CENPB
ZNF544	SRCAP
ZNF546	ZBTB20
ZNF546	ZNF793
ZNF547	ZGLP1
ZNF547	ZIK1
ZNF547	ZNF253
ZNF548	ZNF850
ZNF548	FBXL19
ZNF548	JUN
ZNF549	ZIK1
ZNF549	ZNF320
ZNF550	ZNF121
ZNF550	ZNF274
ZNF550	ZNF284
ZNF551	ZIK1
ZNF551	ZNF567
ZNF552	ESR1
ZNF552	FOXA1
ZNF554	ZNF425
ZNF554	ZNF517
ZNF555	ZNF570
ZNF555	YBX1
ZNF556	ZBTB3
ZNF556	ZFPM2
ZNF557	ZNF264
ZNF557	ZNF320
ZNF558	DMTF1
ZNF558	ZFP14
ZNF559	ADNP
ZNF559	GTF2IRD2
ZNF560	LIN28A
ZNF561	ZNF562
ZNF561	ZNF426
ZNF562	ZNF121
ZNF562	ZNF561
ZNF563	ZNF829
ZNF563	ZNF14
ZNF564	ZBTB3
ZNF564	ZNF14
ZNF565	ZNF146
ZNF565	ZNF239
ZNF566	ZFP14
ZNF566	ZNF347
ZNF566	ZNF527
ZNF567	ZNF283
ZNF567	ZNF527
ZNF567	ZNF829
ZNF568	ZNF347
ZNF568	ZNF471
ZNF568	ZFP14
ZNF569	ZNF570
ZNF569	ZFP30
ZNF57	KLF10
ZNF570	ZNF829
ZNF570	YBX1
ZNF570	ZFP14
ZNF571	HKR1
ZNF571	ZBTB10
ZNF571	ZFP14
ZNF572	ZNF354C
ZNF572	GRHL2
ZNF573	SOX4
ZNF573	ZFP14
ZNF574	ZNF646
ZNF575	ZNF428
ZNF576	ZNF428
ZNF577	ZNF471
ZNF577	BCL11A
ZNF578	ZNF665
ZNF578	ZNF829
ZNF579	ZNF784
ZNF579	ZNF865
ZNF580	MXD4
ZNF580	ZNF444
ZNF581	ATF4
ZNF582	ZNF549
ZNF582	ZNF583
ZNF583	ZNF568
ZNF583	ZFP28
ZNF584	BHLHE40
ZNF584	ETS2
ZNF584	FOSL1
ZNF585A	ZNF382
ZNF585A	ZNF471
ZNF585A	ZNF568
ZNF585B	ZNF585A
ZNF585B	ZNF793
ZNF585B	HKR1
ZNF586	IKZF1
ZNF587	ZNF417
ZNF587	ZNF320
ZNF587B	ZNF101
ZNF589	KDM5B
ZNF589	SOX4
ZNF589	STAT3
ZNF592	GATAD2A
ZNF592	MEF2D
ZNF594	DMTF1
ZNF594	ZFP14
ZNF594	ZNF253
ZNF595	ZNF100
ZNF596	ZFP37
ZNF596	ZNF19
ZNF597	ZNF281
ZNF597	EGR1
ZNF598	GATAD2A
ZNF599	ZNF135
ZNF599	ZNF175
ZNF600	ARHGAP35
ZNF600	NFE2L3
ZNF605	ZFP14
ZNF605	ZNF37A
ZNF606	ZFP14
ZNF606	ZNF253
ZNF606	ZNF254
ZNF607	TET1
ZNF607	ZFP30
ZNF607	ZNF135
ZNF608	TCF7L2
ZNF608	BAZ2B
ZNF609	BAZ2A
ZNF609	ADNP
ZNF610	ZNF347
ZNF610	ZNF382
ZNF611	ZNF264
ZNF611	ZNF665
ZNF613	ZNF649
ZNF613	ZBTB3
ZNF613	ZFP82
ZNF614	SP4
ZNF614	ZNF566
ZNF615	ZNF347
ZNF615	ZNF350
ZNF615	ZNF566
ZNF616	ZNF347
ZNF616	ZNF813
ZNF618	NR2F2
ZNF618	PBX1
ZNF619	NCOA3
ZNF619	TP53
ZNF620	ZNF253
ZNF620	ZNF273
ZNF621	ZNF37A
ZNF621	SMAD5
ZNF623	JRK
ZNF623	ZBTB38
ZNF624	BBX
ZNF624	EEA1
ZNF625	SOX4
ZNF625	ZFP82
ZNF625	ZIK1
ZNF626	ZFP14
ZNF626	ZNF320
ZNF626	ZNF347
ZNF627	ZBED5
ZNF627	ADNP
ZNF628	CAMTA2
ZNF629	NFE2L1
ZNF629	NFIC
ZNF630	ZNF320
ZNF630	ZNF471
ZNF639	BHLHE40
ZNF639	CEBPB
ZNF639	EGR1
ZNF641	ZNF467
ZNF644	SMAD5
ZNF644	ADNP
ZNF644	ARID2
ZNF645	ALX1
ZNF646	CAMTA2
ZNF646	FBXL19
ZNF648	EHF
ZNF649	ZNF134
ZNF649	ZNF613
ZNF652	BAZ2B
ZNF652	FOXP1
ZNF653	NR5A1
ZNF653	SNAPC4
ZNF654	CREB1
ZNF654	SP3
ZNF655	ZNF207
ZNF658	ATF5
ZNF658	CSRNP1
ZNF66	ZNF26
ZNF660	ZNF445
ZNF660	ZKSCAN7
ZNF660	ZNF286B
ZNF662	GTF2IRD2
ZNF662	ZNF300
ZNF664	CENPB
ZNF665	ZNF347
ZNF665	ZBTB8A
ZNF667	CPEB1
ZNF667	MYT1L
ZNF668	ZNF787
ZNF669	CENPB
ZNF669	MBD4
ZNF670	AHCTF1
ZNF671	IKZF1
ZNF671	ZBTB46
ZNF672	REPIN1
ZNF674	ZNF14
ZNF674	ZNF383
ZNF675	ZNF273
ZNF675	ZNF714
ZNF676	ZNF208
ZNF676	ZNF727
ZNF677	ZNF829
ZNF677	ZBTB20
ZNF678	TET1
ZNF678	ZNF518A
ZNF679	ZNF479
ZNF680	ZNF100
ZNF680	ZNF107
ZNF681	ZNF519
ZNF681	ZNF675
ZNF682	ZNF90
ZNF682	SOX4
ZNF683	AKNA
ZNF684	NR1I3
ZNF687	GATAD2A
ZNF687	BAZ2A
ZNF688	PITX1
ZNF689	DNMT1
ZNF69	SOX4
ZNF69	ZNF253
ZNF691	NR6A1
ZNF691	ARID5B
ZNF692	AKAP8L
ZNF695	CENPA
ZNF696	TIGD5
ZNF696	JRK
ZNF697	ETS1
ZNF699	NCOA3
ZNF699	ZNF224
ZNF7	GTF2IRD2
ZNF7	HINFP
ZNF70	ARID5B
ZNF70	FOXO1
ZNF700	ZNF44
ZNF700	ZBED5
ZNF701	ZNF264
ZNF701	ZNF813
ZNF701	SP100
ZNF703	NFIC
ZNF703	ARID5B
ZNF704	NFIA
ZNF704	ZBTB10
ZNF705A	ALX3
ZNF705B	SPZ1
ZNF705D	DUXA
ZNF705E	ADNP2
ZNF705G	SOX30
ZNF706	ARHGAP35
ZNF707	ZBTB48
ZNF707	ZNF101
ZNF708	ZFP14
ZNF708	ZNF260
ZNF709	GPBP1
ZNF709	SOX4
ZNF71	ZNF70
ZNF71	SOX11
ZNF710	FBXL19
ZNF710	KLF13
ZNF711	SOX11
ZNF713	BHLHE41
ZNF713	FOXM1
ZNF714	ZNF431
ZNF714	ZNF675
ZNF716	PRDM9
ZNF717	ZNF493
ZNF717	ZNF519
ZNF718	ZNF100
ZNF718	ZNF141
ZNF721	CEBPB
ZNF724	AHRR
ZNF726	ZNF675
ZNF727	ZKSCAN8
ZNF728	KLF17
ZNF729	LIN28B
ZNF730	CENPS
ZNF732	OTX2
ZNF735	KLF17
ZNF736	ZBTB37
ZNF737	ZFP14
ZNF737	ZNF253
ZNF74	SALL2
ZNF74	SOX12
ZNF740	KLF13
ZNF740	KMT2A
ZNF740	PATZ1
ZNF740	SP1
ZNF746	ARID3A
ZNF747	ZNF785
ZNF747	GTF2IRD2
ZNF749	ZBTB24
ZNF749	ZNF134
ZNF750	GRHL1
ZNF750	GRHL3
ZNF75A	HKR1
ZNF75A	KIN
ZNF75A	ZBTB4
ZNF75D	STAT6
ZNF76	AKAP8L
ZNF76	NR5A1
ZNF761	ZNF320
ZNF761	ZNF577
ZNF763	ZNF429
ZNF763	ZFP14
ZNF764	ZNF747
ZNF764	ARID3A
ZNF765	ZNF665
ZNF765	ZNF813
ZNF765	ZNF850
ZNF766	AHCTF1
ZNF766	KAT7
ZNF766	KDM5B
ZNF768	ESRRA
ZNF77	KLF10
ZNF77	MTERF3
ZNF770	CEBPZ
ZNF771	CAMTA1
ZNF772	ZNF285
ZNF772	ZNF605
ZNF772	ZFP14
ZNF773	ZNF383
ZNF773	ZNF419
ZNF773	ZNF557
ZNF774	ARID5B
ZNF775	SOX12
ZNF776	ZNF587
ZNF776	ZNF814
ZNF776	SP4
ZNF777	MAZ
ZNF777	ZNF282
ZNF778	ZNF383
ZNF778	ARID5B
ZNF780A	ZNF224
ZNF780A	ZNF429
ZNF780B	ZFP14
ZNF780B	ZNF320
ZNF781	TCF7L2
ZNF781	ZFP30
ZNF782	BAZ2B
ZNF782	KMT2A
ZNF783	SRCAP
ZNF783	DMTF1
ZNF784	CEBPB
ZNF784	CENPB
ZNF785	HINFP
ZNF785	ZFP14
ZNF786	BCL11A
ZNF786	TFAP4
ZNF787	CEBPB
ZNF788	BHLHE40
ZNF788P	HINFP
ZNF788P	ZNF283
ZNF789	DMTF1
ZNF789	HINFP
ZNF79	NFE2L3
ZNF79	TIGD5
ZNF790	ZNF383
ZNF790	ZNF527
ZNF790	ZNF568
ZNF791	FOXO3
ZNF791	KLF9
ZNF792	ELK3
ZNF793	ZNF382
ZNF793	ZNF471
ZNF799	ZNF443
ZNF799	ZNF180
ZNF8	ZNF587
ZNF8	ADNP
ZNF80	SP140
ZNF800	KLF3
ZNF800	AHR
ZNF804A	MYT1L
ZNF804B	FOXE1
ZNF805	ZNF264
ZNF805	ARID2
ZNF808	TET2
ZNF808	LCOR
ZNF81	TET2
ZNF81	ASH1L
ZNF813	ZNF224
ZNF814	HINFP
ZNF814	ZNF382
ZNF816	ZNF813
ZNF816	CENPB
ZNF821	KDM5B
ZNF823	ELF3
ZNF823	KLF5
ZNF827	KMT2A
ZNF827	ZNF532
ZNF829	ZBTB20
ZNF829	ZNF273
ZNF83	ZNF320
ZNF83	ZNF493
ZNF83	CREBZF
ZNF830	GTF2B
ZNF831	AKNA
ZNF835	PAX6
ZNF835	ZNF382
ZNF836	ZNF284
ZNF836	LCOR
ZNF837	DRAP1
ZNF84	ADNP
ZNF84	BAZ2B
ZNF841	ZNF320
ZNF841	ZNF506
ZNF843	NFE2L1
ZNF843	ZNF70
ZNF844	ZKSCAN3
ZNF844	ZNF320
ZNF845	ZNF28
ZNF845	ZNF468
ZNF846	YBX1
ZNF846	ZNF829
ZNF85	ZNF829
ZNF85	ZNF100
ZNF850	ZNF26
ZNF852	ATF6
ZNF853	ARNT2
ZNF860	ARNTL2
ZNF865	MEF2D
ZNF878	ZNF695
ZNF879	ZKSCAN2
ZNF879	ZNF510
ZNF880	CC2D1A
ZNF883	CSRNP3
ZNF888	CENPA
ZNF891	ZNF383
ZNF891	ZNF527
ZNF90	SALL4
ZNF90	ZNF486
ZNF91	BAZ2B
ZNF91	LCOR
ZNF92	ZNF107
ZNF92	ZNF138
ZNF92	ZNF195
ZNF93	ZNF90
ZNF93	CENPA
ZNF98	NR5A2
ZNF99	LIN28B
ZNF99	ZNF273
ZRSR2	AHCTF1
ZSCAN1	ZSCAN18
ZSCAN1	CXXC4
ZSCAN10	ZIC2
ZSCAN10	ZIC3
ZSCAN12	ZKSCAN3
ZSCAN12	RBAK
ZSCAN12	ZFP14
ZSCAN16	SOX4
ZSCAN16	AHR
ZSCAN18	SGSM2
ZSCAN2	ARID5B
ZSCAN2	ATF3
ZSCAN20	ZBTB38
ZSCAN20	ZNF35
ZSCAN21	FOSL2
ZSCAN21	MTF2
ZSCAN22	ZBTB3
ZSCAN22	ZBTB45
ZSCAN23	TET1
ZSCAN23	CSRNP3
ZSCAN25	ZNF134
ZSCAN25	ZNF264
ZSCAN26	GATAD2A
ZSCAN26	ZNF286A
ZSCAN29	ARID3B
ZSCAN29	BAZ2B
ZSCAN30	ZNF347
ZSCAN30	ZNF37A
ZSCAN31	DDIT3
ZSCAN32	ZKSCAN7
ZSCAN4	DLX5
ZSCAN4	DUXA
ZSCAN5A	ARID3A
ZSCAN5B	DMRT1
ZSCAN5B	FOXR1
ZSCAN5C	ZIM3
ZSCAN9	SP9
ZUFSP	ARID5A
ZUP1	ARHGAP35
ZXDA	NR3C1
ZXDA	ZXDB
ZXDB	ZXDA
ZXDB	CSRNP1
ZXDC	BHLHE40
ZXDC	CENPS
ZXDC	DDIT3
ZZZ3	MEIS2
ZZZ3	NR2F1
